{
  "intercept": -0.10027685702586023,
  "coef": [
    -0.04755591590134144,
    -0.009362816734643259,
    -0.11582660726299146,
    0.09165911183243888,
    0.030234404160682384,
    0.00781608108625381,
    0.043808462594852715
  ],
  "features": [
    "returns_1d",
    "returns_5d",
    "returns_10d",
    "rsi14",
    "macd_hist_norm",
    "vol_ratio_20d",
    "atr_pct"
  ],
  "feature_mean": [
    0.0005398237199977674,
    0.002795604181894969,
    0.004835976347221499,
    50.8692206279992,
    -1.409563687632442e-05,
    1.0217565258928067,
    0.023608793846397563
  ],
  "feature_std": [
    0.018990176096467037,
    0.04461382401692872,
    0.06449769828712337,
    11.921315298744899,
    0.011054648754491378,
    0.5333763889560409,
    0.01253762407310374
  ],
  "trained_at": "2026-04-22",
  "samples": 9167,
  "train_acc": 0.5278876312559662,
  "test_acc": 0.5196292257360959
}